run_date,ticker,data_asof,close,close_usd,fx_rate,recommendation,score,score_trend,score_macd,score_rsi,score_volume,score_adi,score_support,rsi,macd_bullish,golden_cross,death_cross,diamond_cross,adx,mfi,bb_squeeze,regime,fair_value_egp,fair_value_method,pe_ttm,undervalued,entry_price,stop_loss,tp1,tp2,tp3,tp1_rr,tp2_rr,tp3_rr,ml_signal,ml_confidence,ml_medium_price,ml_cone_pct,candle_signal,candle_score_delta,chartscan_signal,chartscan_confidence,chartscan_buy_patterns,chartscan_sell_patterns,score_vwap,score_volume_profile,vwap,dist_vwap_pct,vp_poc,vp_va_high,vp_va_low,above_poc,ta_source,ta_fetch_time,params_version,stale,intraday_rsi,intraday_vwap,intraday_volatility_pct,intraday_data_quality,outcome,outcome_date,r_multiple,hold_days,mfe_pct,mae_pct,max_price,min_price,pnl_pct
2026-09-29,ADIB,2026-09-28,50.17,0.9729,52.02000045776367,Avoid,39.15,17.68,0.0,12.0,0.67,5.0,0.0,40.05,False,True,False,True,19.63,60.55,False,trending_down,124.0046,Blended (Graham+PE),3.88,True,47.067,45.659,47.447,50.134,50.695,0.27,2.18,2.58,Avoid,0.0,50.134,12.22,neutral,0,Neutral,0.0,0,0,2.0,1.8,52.1969,-3.38,51.869,53.832,51.114,False,TradingView,2026-09-29 20:22:10,v2.0,False,38.4787472035794,52.796230071732424,1.6159343944873155,good,,,,,,,,,
2026-09-29,AMER,2026-09-28,4.29,0.0874,52.02000045776367,Watch,27.46,19.86,0.0,4.8,0.0,0.0,0.0,32.02,False,True,False,True,25.49,66.13,False,trending_down,,N/A,,False,4.29,3.75,4.701,5.022,5.3,0.76,1.36,1.87,Buy,0.47,4.701,27.81,bearish,-6,Neutral,0.0,0,0,1.0,1.8,5.3683,-15.62,5.452,5.927,4.977,False,TradingView,2026-09-29 20:22:10,v2.0,False,12.264150943396217,6.0070911330519445,3.6463536463536466,good,,,,,,,,,
2026-09-29,AMIA,2026-09-28,18.3,0.3606,52.02000045776367,Avoid,40.8,25.0,0.0,12.0,0.0,0.0,0.0,55.1,False,True,False,True,44.15,65.78,False,transitioning,19.1445,USD-Comparison (fallback),22.33,True,17.689,16.983,18.128,18.861,19.35,0.62,1.66,2.35,Avoid,0.0,18.128,37.65,neutral,0,Neutral,0.0,0,0,2.0,1.8,19.3254,-3.29,19.2,20.405,18.434,False,TradingView,2026-09-29 20:22:10,v2.0,False,33.990147783251274,17.764320362723208,1.8774395003903184,good,,,,,,,,,
2026-09-29,AMOC,2026-09-28,13.5,0.2531,52.02000045776367,Watch,51.11,25.0,0.0,12.0,0.71,6.0,0.0,59.42,False,True,False,True,42.16,57.05,False,trending,16.7135,Blended (Graham+PE),7.83,True,12.903,12.708,13.428,13.67,13.749,2.69,3.93,4.34,Buy,0.7,14.38,12.67,neutral,0,Neutral,0.0,0,0,2.0,5.4,13.5558,-3.21,13.453,14.316,12.903,False,TradingView,2026-09-29 20:22:10,v2.0,False,54.143646408839786,12.13112904026209,1.9947089947089929,good,,,,,,,,,
2026-09-29,ARAB,2026-09-28,0.22,0.0042,52.02000045776367,Avoid,18.3,9.94,0.0,4.8,0.76,0.0,0.0,32.89,False,True,False,False,27.03,59.18,False,trending_down,0.2249,USD-Comparison (fallback),,True,0.206,0.2,0.224,0.228,0.237,3.0,3.67,5.17,Avoid,0.26,0.228,21.36,neutral,0,Neutral,0.0,0,0,1.0,1.8,0.2505,-12.97,0.256,0.268,0.243,False,TradingView,2026-09-29 20:22:10,v2.0,False,39.53488372093023,0.2499472151492544,3.051948051948054,good,,,,,,,,,
2026-09-29,ARCC,2026-09-28,62.64,1.1905,52.02000045776367,Watch,23.75,16.15,0.0,4.8,0.0,0.0,0.0,30.71,False,True,False,True,40.39,65.79,False,trending_down,477.9318,Blended (Graham+PE),0.91,True,58.5,57.109,61.168,65.476,67.336,1.92,5.02,6.35,Buy,0.7,67.336,13.89,neutral,0,Neutral,0.0,0,0,1.0,1.8,73.8302,-16.42,76.936,81.85,72.022,False,TradingView,2026-09-29 20:22:10,v2.0,False,33.11948676824376,73.55234917596037,2.619275679620508,good,,,,,,,,,
2026-09-29,ATQA,2026-09-28,11.45,0.2282,52.02000045776367,Watch,31.59,16.59,0.0,7.2,0.0,5.0,0.0,39.65,False,True,False,True,41.79,64.78,False,trending,12.4713,USD-Comparison (fallback),,True,11.45,10.457,12.654,12.92,13.161,1.21,1.48,1.72,Buy,0.65,13.23,15.82,neutral,0,Buy,0.3148,1,0,1.0,1.8,12.7262,-7.04,12.573,13.302,11.978,False,TradingView,2026-09-29 20:22:18,v2.0,False,22.77227722772274,11.830679789261517,3.0879600748596348,good,,,,,,,,,
2026-09-29,AXPH,2026-09-28,1559.99,29.7392,52.02000045776367,Watch,44.46,25.0,0.0,12.0,4.66,0.0,0.0,43.92,False,True,False,True,35.62,64.55,False,trending,,N/A,,False,1484.656,1422.252,1565.636,1612.767,1627.0,1.3,2.05,2.28,Buy,0.76,1612.767,6.43,bearish,-5,Neutral,0.0,0,0,1.0,1.8,1667.8087,-7.57,1709.624,1758.572,1595.41,False,TradingView,2026-09-29 20:22:10,v2.0,False,28.719217818167095,1557.994651480347,3.284499076459282,good,,,,,,,,,
2026-09-29,COPR,2026-09-28,0.454,0.0088,52.02000045776367,Avoid,32.78,17.98,0.0,12.0,0.0,0.0,0.0,41.12,False,True,False,True,25.53,60.71,False,trending_down,0.4858,USD-Comparison (fallback),,True,0.454,0.413,0.475,0.504,0.523,0.51,1.22,1.68,Avoid,0.38,0.475,21.81,neutral,0,Neutral,0.0,0,0,1.0,1.8,0.4939,-8.08,0.506,0.523,0.479,False,TradingView,2026-09-29 20:22:10,v2.0,False,28.571428571428584,0.49467619811494873,2.863436123348016,good,,,,,,,,,
2026-09-29,CPCI,2026-09-28,577.5,10.8176,52.02000045776367,Avoid,55.84,25.0,6.38,6.0,7.96,0.0,0.0,74.25,True,True,False,True,64.13,67.27,False,trending_up,560.3088,USD-Comparison (fallback),,False,538.248,531.896,555.346,567.445,583.762,2.69,4.6,7.17,Avoid,0.19,583.762,14.92,neutral,0,Neutral,0.0,0,0,6.0,4.5,550.5564,1.84,556.12,565.743,538.248,True,TradingView,2026-09-29 20:22:10,v2.0,False,67.57734029730815,542.3418313433978,1.3773654916512061,good,,,,,,,,,
2026-09-29,EFID,2026-09-28,18.75,0.3657,52.02000045776367,Watch,16.39,3.75,0.0,9.6,0.24,0.0,0.0,15.12,False,True,False,False,21.14,62.57,False,trending_down,9.8663,Blended (Graham+PE),19.28,False,18.75,16.523,20.372,22.007,26.926,0.73,1.46,3.67,Buy,0.85,20.372,19.32,neutral,0,Sell,0.4639,0,2,1.0,1.8,27.3782,-30.77,31.268,32.3,29.548,False,TradingView,2026-09-29 20:22:10,v2.0,False,5.2969502407704425,30.997340645359635,6.434285714285714,good,,,,,,,,,
2026-09-29,EFIH,2026-09-28,22.59,0.4244,52.02000045776367,Watch,36.8,15.84,0.0,12.0,0.16,6.0,0.0,43.72,False,True,False,True,23.06,57.81,False,trending_down,7.4893,Blended (Graham+PE),31.84,False,22.59,21.144,22.903,24.107,24.6,0.22,1.05,1.39,Avoid,0.13,22.903,14.58,neutral,0,Buy,0.3421,1,0,1.0,1.8,23.2195,-5.25,22.955,23.81,22.67,False,TradingView,2026-09-29 20:22:10,v2.0,False,43.37349397590358,23.799674394159663,2.4188958451906677,good,,,,,,,,,
2026-09-29,EGAL,2026-09-28,342.53,6.5983,52.02000045776367,Watch,37.9,18.1,0.0,12.0,0.0,5.0,0.0,40.57,False,True,False,True,29.62,63.48,False,trending,718.1598,Blended (Graham+PE),3.96,True,322.52,311.111,342.274,345.728,351.892,1.73,2.03,2.57,Buy,0.82,374.726,12.8,neutral,0,Neutral,0.0,0,0,1.0,1.8,368.0054,-7.06,371.625,378.5,356.5,False,TradingView,2026-09-29 20:22:10,v2.0,False,27.879230581933257,346.46144380129454,1.708088134094616,good,,,,,,,,,
2026-09-29,EGAS,2026-09-28,55.84,1.0802,52.02000045776367,Avoid,39.74,16.61,0.0,12.0,0.0,0.0,7.34,44.74,False,True,False,True,10.22,63.42,False,ranging,60.307,Blended (Graham+PE),11.44,True,53.62,52.367,55.771,56.317,58.62,1.72,2.15,3.99,Avoid,0.0,55.771,10.56,neutral,0,Sell,0.4348,0,2,2.0,1.8,58.1409,-3.7,59.041,60.044,56.029,False,TradingView,2026-09-29 20:22:10,v2.0,False,42.13536701620591,58.96721698051035,3.361645517805975,good,,,,,,,,,
2026-09-29,ENGC,2026-09-28,35.81,0.7333,52.02000045776367,Watch,16.15,3.75,0.0,9.6,0.0,0.0,0.0,29.54,False,True,False,False,18.28,67.19,False,transitioning,83.9399,Blended (Graham+PE),4.39,True,35.058,33.81,35.494,37.801,40.663,0.35,2.2,4.49,Buy,0.85,37.801,15.09,neutral,0,Neutral,0.0,0,0,1.0,1.8,43.1127,-11.84,43.389,45.555,41.703,False,TradingView,2026-09-29 20:22:10,v2.0,False,12.113055181695813,45.439776336465016,2.8703075756971344,good,,,,,,,,,
2026-09-29,ETEL,2026-09-28,134.74,2.6238,52.02000045776367,Avoid,46.97,25.0,0.0,6.0,0.77,5.0,0.0,65.25,False,True,False,True,44.25,61.37,False,trending,485.6727,Blended (Graham+PE),2.24,True,131.062,129.639,133.052,134.05,139.423,1.4,2.1,5.88,Avoid,0.07,134.05,4.73,neutral,0,Neutral,0.0,0,0,3.0,7.2,128.1514,6.12,131.062,137.25,120.75,True,TradingView,2026-09-29 20:22:10,v2.0,False,43.607624360762436,123.59311229309499,2.357980449118939,good,,,,,,,,,
2026-09-29,ETRS,2026-09-28,9.99,0.1937,52.02000045776367,Avoid,23.71,16.11,0.0,4.8,0.0,0.0,0.0,29.56,False,True,False,True,22.31,66.83,False,trending_down,,N/A,10.11,False,9.384,8.892,9.565,9.983,10.339,0.37,1.22,1.94,Avoid,0.0,9.983,10.56,bearish,-6,Sell,0.362,0,2,1.0,1.8,11.1034,-9.58,11.209,11.496,10.758,False,TradingView,2026-09-29 20:22:10,v2.0,False,25.00000000000003,11.034696933514558,1.8447018447018473,good,,,,,,,,,
2026-09-29,GGCC,2026-09-28,0.673,0.0132,52.02000045776367,Avoid,19.31,11.71,0.0,4.8,0.0,0.0,0.0,25.38,False,True,False,False,20.26,64.62,False,trending_down,,N/A,12.39,False,0.673,0.597,0.7,0.756,0.805,0.36,1.09,1.74,Avoid,0.21,0.7,22.73,neutral,0,Sell,0.4667,0,1,1.0,1.8,0.8527,-19.55,0.88,0.916,0.83,False,TradingView,2026-09-29 20:22:10,v2.0,False,17.72151898734174,0.9592246431043031,3.0779027807259567,good,,,,,,,,,
2026-09-29,ISMQ,2026-09-28,7.77,0.1489,52.02000045776367,Watch,16.15,3.75,0.0,9.6,0.0,0.0,0.0,24.41,False,True,False,False,24.96,65.24,False,trending_down,8.2295,USD-Comparison (fallback),,True,7.615,7.315,7.679,8.108,8.379,0.21,1.64,2.55,Buy,0.65,8.608,16.5,bearish,-6,Sell,0.3085,0,1,1.0,1.8,9.0293,-14.5,9.219,9.562,8.778,False,TradingView,2026-09-29 20:22:18,v2.0,False,19.85815602836881,9.250908945571734,2.197095054237913,good,,,,,,,,,
2026-09-29,ISPH,2026-09-28,11.71,0.2265,52.02000045776367,Watch,16.82,8.9,0.0,4.8,0.32,0.0,0.0,34.41,False,True,False,False,27.0,61.92,False,trending_down,27.7884,Blended (Graham+PE),3.5,True,11.391,11.17,11.661,11.78,12.035,1.22,1.76,2.91,Buy,0.7,12.335,11.26,neutral,0,Neutral,0.0,0,0,1.0,1.8,12.5543,-6.49,12.146,13.443,11.838,False,TradingView,2026-09-29 20:22:10,v2.0,False,47.899159663865596,13.486628542911944,1.70794192997438,good,,,,,,,,,
2026-09-29,JUFO,2026-09-28,24.92,0.4829,52.02000045776367,Avoid,37.0,15.23,0.0,4.8,0.0,6.0,8.18,30.48,False,True,False,True,28.09,58.78,False,trending_down,20.3373,Blended (Graham+PE),12.39,False,23.514,22.602,24.629,25.359,25.618,1.22,2.02,2.31,Avoid,0.4,25.618,7.69,neutral,0,Sell,0.4375,1,4,1.0,1.8,26.9433,-7.1,27.023,27.632,26.414,False,TradingView,2026-09-29 20:22:10,v2.0,False,26.298701298701346,26.937775091000372,1.874570052740195,good,,,,,,,,,
2026-09-29,LCSW,2026-09-28,30.25,0.5836,52.02000045776367,Avoid,26.59,9.37,0.0,4.8,0.0,0.0,9.61,29.54,False,True,False,False,17.66,64.78,False,trending_down,39.4381,Blended (Graham+PE),10.21,True,28.535,27.828,29.874,31.47,32.232,1.89,4.15,5.23,Avoid,0.0,29.874,17.43,neutral,0,Neutral,0.0,0,0,1.0,1.8,34.3069,-11.83,34.802,37.085,33.35,False,TradingView,2026-09-29 20:22:10,v2.0,False,27.507163323782237,34.279947463197296,2.6257378984651725,good,,,,,,,,,
2026-09-29,MASR,2026-09-28,7.3,0.1354,52.02000045776367,Watch,26.52,11.49,0.0,12.0,0.23,0.0,0.0,39.98,False,True,False,False,20.46,61.34,False,trending_down,23.0962,Blended (Graham+PE),2.97,True,6.974,6.892,7.042,7.417,7.52,0.83,5.4,6.66,Buy,0.51,7.52,14.77,neutral,0,Buy,0.6804,1,0,1.0,1.8,8.0793,-13.11,8.258,8.843,7.672,False,TradingView,2026-09-29 20:22:10,v2.0,False,40.495867768595055,7.919023282645805,2.387475538160472,good,,,,,,,,,
2026-09-29,MBSC,2026-09-28,300.38,5.7735,52.02000045776367,Watch,30.35,15.81,0.0,4.8,0.93,6.0,0.0,31.55,False,True,False,True,33.39,54.91,False,trending_down,441.2369,Blended (Graham+PE),6.28,True,300.38,266.829,311.363,335.337,337.608,0.33,1.04,1.11,Buy,0.63,311.363,14.06,bearish,-6,Sell,0.4076,0,1,1.0,1.8,399.3685,-25.07,421.935,470.0,338.915,False,TradingView,2026-09-29 20:22:18,v2.0,False,16.371480472297975,365.48115170869676,2.23027022913833,good,,,,,,,,,
2026-09-29,MCQE,2026-09-28,183.37,3.5035,52.02000045776367,Avoid,16.98,9.38,0.0,4.8,0.0,0.0,0.0,29.52,False,True,False,False,26.22,67.64,False,trending_down,1798.0221,Blended (Graham+PE),0.7,True,181.469,178.844,185.05,188.264,191.198,1.36,2.59,3.71,Avoid,0.24,188.264,31.1,bearish,-6,Neutral,0.0,0,0,1.0,1.8,223.7814,-18.85,241.246,254.23,206.006,False,TradingView,2026-09-29 20:22:10,v2.0,False,19.876300253022237,231.51908806579112,2.7769770721180436,good,,,,,,,,,
2026-09-29,MCRO,2026-09-28,1.48,0.0282,52.02000045776367,Watch,35.59,17.27,0.0,12.0,0.0,0.0,3.52,38.82,False,True,False,True,34.15,65.03,False,trending_down,0.5208,Blended (Graham+PE),36.1,False,1.452,1.433,1.472,1.48,1.518,1.05,1.47,3.47,Buy,0.71,1.732,23.31,neutral,0,Neutral,0.0,0,0,1.0,1.8,1.6643,-12.28,1.7,1.77,1.53,False,TradingView,2026-09-29 20:22:10,v2.0,False,34.28571428571429,1.6109815116730446,3.0888030888030915,good,,,,,,,,,
2026-09-29,MFPC,2026-09-28,46.0,0.8921,52.02000045776367,Watch,55.51,23.24,0.0,12.0,0.0,5.0,5.87,52.19,False,True,False,True,39.46,62.15,False,trending,51.5562,Blended (Graham+PE),9.12,True,42.7,42.314,45.572,46.935,47.766,7.44,10.97,13.12,Buy,0.63,47.766,13.6,neutral,0,Sell,0.4624,1,2,4.0,5.4,47.1554,-1.94,46.731,50.762,42.7,False,TradingView,2026-09-29 20:22:10,v2.0,False,35.12974051896205,44.17657800632684,2.427018633540372,good,,,,,,,,,
2026-09-29,MTIE,2026-09-28,7.82,0.1524,52.02000045776367,Watch,17.76,10.16,0.0,4.8,0.0,0.0,0.0,30.95,False,True,False,False,23.3,61.27,False,trending_down,4.7759,Blended (Graham+PE),19.02,False,7.82,7.44,8.578,8.919,9.14,1.99,2.89,3.47,Avoid,0.25,,0.0,neutral,0,Buy,0.4575,2,0,1.0,1.8,8.5025,-7.09,8.639,8.897,8.088,False,TradingView,2026-09-29 20:22:10,v2.0,False,18.032786885245912,8.651013426283242,1.7537449762513708,good,,,,,,,,,
2026-09-29,OBRI,2026-09-28,24.3,0.4632,52.02000045776367,Watch,16.15,3.75,0.0,9.6,0.0,0.0,0.0,19.1,False,False,True,False,30.33,62.98,False,trending_down,,N/A,11.82,False,23.394,20.9,26.963,27.668,28.67,1.43,1.71,2.12,Buy,0.59,26.963,18.22,bearish,-21,Sell,0.4665,1,2,1.0,1.8,31.9255,-24.79,33.034,34.95,30.023,False,TradingView,2026-09-29 20:22:10,v2.0,False,17.178770949720686,32.49768958234684,4.082892416225751,good,,,,,,,,,
2026-09-29,OCDI,2026-09-28,25.01,0.5141,52.02000045776367,Watch,21.76,9.36,0.0,9.6,0.0,0.0,0.0,23.4,False,True,False,False,28.8,62.01,False,trending_down,23.2555,Blended (Graham+PE),13.95,False,25.01,23.278,25.026,26.788,27.387,0.01,1.03,1.37,Buy,0.82,27.387,13.96,bearish,-6,Neutral,0.0,0,0,1.0,1.8,31.0635,-14.21,29.9,34.1,28.9,False,TradingView,2026-09-29 20:22:10,v2.0,False,14.203454894433818,31.77002471968684,2.9645284743245535,good,,,,,,,,,
2026-09-29,OLFI,2026-09-28,22.14,0.4215,52.02000045776367,Watch,23.15,3.75,0.0,12.0,0.0,0.0,0.0,41.97,False,True,False,False,19.61,57.29,False,transitioning,32.8434,Blended (Graham+PE),5.56,True,22.14,21.158,22.905,23.288,23.849,0.78,1.17,1.74,Buy,0.51,22.905,12.35,neutral,0,Neutral,0.0,0,0,2.0,5.4,22.5852,-3.26,22.526,23.293,22.037,False,TradingView,2026-09-29 20:22:18,v2.0,False,34.74576271186443,24.22737793108218,1.590527810040005,good,,,,,,,,,
2026-09-29,ORHD,2026-09-28,38.8,0.7466,52.02000045776367,Watch,32.32,17.15,0.0,4.8,0.0,0.0,7.57,33.61,False,True,False,True,19.24,62.61,False,trending_down,116.7137,Blended (Graham+PE),2.87,True,36.11,33.92,38.016,38.845,39.857,0.87,1.25,1.71,Buy,0.56,40.083,8.36,neutral,0,Neutral,0.0,0,0,1.0,1.8,42.0588,-7.99,42.356,43.701,41.309,False,TradingView,2026-09-29 20:22:10,v2.0,False,22.11838006230515,42.06790009896242,1.3917525773195871,good,,,,,,,,,
2026-09-29,ORWE,2026-09-28,26.81,0.519,52.02000045776367,Avoid,54.12,21.45,0.0,12.0,0.0,6.0,7.27,49.12,False,True,False,True,20.17,59.42,False,ranging,42.8485,Blended (Graham+PE),8.31,True,26.01,25.756,27.0,27.455,27.944,3.9,5.69,7.61,Avoid,0.25,,0.0,neutral,0,Sell,0.3288,0,1,2.0,5.4,27.6731,-2.79,27.129,28.497,26.673,False,TradingView,2026-09-29 20:22:10,v2.0,False,34.71502590673573,26.536873048001233,1.5825651409388808,good,,,,,,,,,
2026-09-29,PHDC,2026-09-28,12.75,0.2468,52.02000045776367,Watch,22.07,9.67,0.0,9.6,0.0,0.0,0.0,24.31,False,True,False,False,32.04,61.74,False,trending_down,34.9197,Blended (Graham+PE),3.35,True,12.75,11.992,13.283,13.702,14.468,0.7,1.26,2.27,Buy,0.74,13.283,7.51,neutral,0,Neutral,0.0,0,0,1.0,1.8,14.076,-9.14,14.686,15.017,13.03,False,TradingView,2026-09-29 20:22:10,v2.0,False,32.14285714285717,14.752307860119979,2.0840336134453796,good,,,,,,,,,
2026-09-29,POUL,2026-09-28,9.8,0.1873,52.02000045776367,Avoid,31.75,3.75,0.0,9.6,12.0,0.0,0.0,9.49,False,True,False,False,27.21,61.5,False,trending_down,52.4954,Blended (Graham+PE),1.91,True,9.8,2.918,9.809,10.702,17.128,0.0,0.13,1.06,Avoid,0.0,9.809,12.78,neutral,0,Neutral,0.0,0,0,1.0,5.4,29.6713,-67.27,39.497,41.96,9.12,False,TradingView,2026-09-29 20:22:10,v2.0,False,28.802588996763745,24.86205418611626,5.065597667638483,good,,,,,,,,,
2026-09-29,RACC,2026-09-28,9.1,0.1734,52.02000045776367,Avoid,16.35,3.75,0.0,4.8,0.0,5.0,0.0,34.84,False,True,False,False,19.2,60.47,False,trending_down,9.6703,USD-Comparison (fallback),,True,9.1,8.568,9.179,9.908,10.098,0.15,1.52,1.88,Avoid,0.2,9.179,15.71,neutral,0,Neutral,0.0,0,0,1.0,1.8,9.9401,-9.56,9.785,10.448,9.632,False,TradingView,2026-09-29 20:22:10,v2.0,False,31.89655172413785,10.068792734839937,2.5431711145996823,good,,,,,,,,,
2026-09-29,RMDA,2026-09-28,5.29,0.1023,52.02000045776367,Avoid,28.43,15.83,0.0,4.8,0.0,5.0,0.0,30.04,False,True,False,True,30.63,66.42,False,trending_down,3.5796,Blended (Graham+PE),15.27,False,4.954,4.891,5.564,5.974,6.1,9.68,16.19,18.19,Avoid,0.0,4.908,19.58,neutral,0,Neutral,0.0,0,0,1.0,1.8,6.089,-12.96,6.077,6.464,5.69,False,TradingView,2026-09-29 20:22:10,v2.0,False,26.851851851851848,6.241762690154785,3.8887388603834747,good,,,,,,,,,
2026-09-29,RREI,2026-09-28,3.64,0.0745,52.02000045776367,Watch,17.16,9.56,0.0,4.8,0.0,0.0,0.0,26.92,False,True,False,False,24.67,64.11,False,trending_down,3.9042,USD-Comparison (fallback),,True,3.64,3.586,3.765,3.93,3.988,2.31,5.37,6.44,Buy,0.45,3.765,12.8,neutral,0,Neutral,0.0,0,0,1.0,1.8,4.3674,-11.62,4.389,4.522,4.294,False,TradingView,2026-09-29 20:22:10,v2.0,False,14.51612903225805,4.577859035754465,2.4921507064364237,good,,,,,,,,,
2026-09-29,SAUD,2026-09-28,22.1,0.4219,52.02000045776367,Avoid,42.36,15.77,0.0,12.0,0.0,5.0,6.79,39.63,False,True,False,True,20.07,63.84,False,trending_down,88.3827,Blended (Graham+PE),2.37,True,22.1,20.399,22.611,23.809,24.146,0.3,1.0,1.2,Avoid,0.37,22.611,11.72,neutral,0,Sell,0.3041,0,1,1.0,1.8,24.4137,-10.42,24.331,26.35,23.5,False,TradingView,2026-09-29 20:22:10,v2.0,False,35.71428571428575,23.88467496870993,2.178409825468646,good,,,,,,,,,
2026-09-29,SCEM,2026-09-28,76.95,1.5241,52.02000045776367,Watch,32.6,15.61,0.0,4.8,0.0,0.0,9.39,27.53,False,True,False,True,38.46,60.79,False,trending_down,591.9703,Blended (Graham+PE),0.99,True,70.98,66.692,76.731,81.377,82.402,1.34,2.42,2.66,Buy,0.79,82.402,18.48,neutral,0,Sell,0.3023,0,1,1.0,1.8,95.94,-17.66,99.221,104.462,93.98,False,TradingView,2026-09-29 20:22:10,v2.0,False,24.004975124378163,96.59535051883591,2.89984219808781,good,,,,,,,,,
2026-09-29,SIPC,2026-09-28,5.0,0.0835,52.02000045776367,Avoid,39.89,25.0,0.0,12.0,0.09,0.0,0.0,45.92,False,True,False,True,31.9,68.66,False,trending_down,,N/A,,False,5.0,4.344,5.173,5.595,5.984,0.26,0.91,1.5,Avoid,0.38,5.173,19.72,bearish,-21,Sell,0.4963,0,1,1.0,1.8,5.9635,-27.39,5.979,6.668,5.291,False,TradingView,2026-09-29 20:22:18,v2.0,False,44.72361809045226,5.5578938759393175,5.042857142857144,good,,,,,,,,,
2026-09-29,SWDY,2026-09-28,108.0,2.1704,52.02000045776367,Watch,25.05,16.9,0.0,4.8,0.55,0.0,0.0,30.21,False,True,False,True,36.07,59.2,False,trending_down,165.1548,Blended (Graham+PE),6.28,True,108.0,105.658,111.089,114.75,122.429,1.32,2.88,6.16,Buy,0.55,111.089,14.13,neutral,0,Sell,0.414,0,1,1.0,1.8,127.3643,-11.67,126.231,136.531,115.933,False,TradingView,2026-09-29 20:22:10,v2.0,False,22.293307086614163,119.98997973303011,2.605820105820106,good,,,,,,,,,
2026-09-29,TALM,2026-09-28,19.6,0.3723,52.02000045776367,Watch,41.84,23.44,0.0,12.0,0.0,0.0,0.0,48.43,False,True,False,True,34.92,70.16,False,trending,17.8946,Blended (Graham+PE),9.64,False,18.832,18.652,19.302,19.503,19.8,2.61,3.73,5.38,Buy,0.63,20.2,10.77,neutral,0,Neutral,0.0,0,0,1.0,5.4,21.485,-10.17,22.05,23.982,19.258,False,TradingView,2026-09-29 20:22:10,v2.0,False,27.33564013840835,20.67441106544864,2.474489795918367,good,,,,,,,,,
2026-09-29,ZEOT,2026-09-28,11.26,0.2145,52.02000045776367,Watch,24.29,16.69,0.0,4.8,0.0,0.0,0.0,28.52,False,True,False,True,32.76,68.01,False,trending_down,11.6723,USD-Comparison (fallback),,True,11.26,10.178,12.268,12.577,13.685,0.93,1.22,2.24,Buy,0.85,12.268,24.47,neutral,0,Neutral,0.0,0,0,1.0,1.8,13.5235,-17.77,14.107,14.638,13.15,False,TradingView,2026-09-29 20:22:10,v2.0,False,23.913043478260875,13.545744541652939,3.8886069525501172,good,,,,,,,,,
2026-09-29,ZMID,2026-09-28,7.37,0.1511,52.02000045776367,Avoid,23.99,16.39,0.0,4.8,0.0,0.0,0.0,29.34,False,True,False,True,35.43,64.65,False,trending_down,7.5509,Blended (Graham+PE),10.94,False,7.37,7.294,7.665,7.9,8.046,3.88,6.97,8.89,Avoid,0.41,7.665,18.33,neutral,0,Neutral,0.0,0,0,1.0,1.8,9.1123,-14.07,9.331,9.812,8.712,False,TradingView,2026-09-29 20:22:10,v2.0,False,17.142857142857196,8.387231515300394,3.411513859275053,good,,,,,,,,,
